{
    "name": "root",
    "gauges": {
        "RLAgents.Policy.Entropy.mean": {
            "value": 1.3334596157073975,
            "min": 1.3334596157073975,
            "max": 1.4189382791519165,
            "count": 49
        },
        "RLAgents.Policy.Entropy.sum": {
            "value": 13334.5966796875,
            "min": 12483.2939453125,
            "max": 15140.5947265625,
            "count": 49
        },
        "RLAgents.Step.mean": {
            "value": 489884.0,
            "min": 9884.0,
            "max": 489884.0,
            "count": 49
        },
        "RLAgents.Step.sum": {
            "value": 489884.0,
            "min": 9884.0,
            "max": 489884.0,
            "count": 49
        },
        "RLAgents.Policy.ExtrinsicValueEstimate.mean": {
            "value": -0.47901543974876404,
            "min": -1.227117657661438,
            "max": -0.39864298701286316,
            "count": 49
        },
        "RLAgents.Policy.ExtrinsicValueEstimate.sum": {
            "value": -38.32123565673828,
            "min": -98.1694107055664,
            "max": -31.492795944213867,
            "count": 49
        },
        "RLAgents.Environment.EpisodeLength.mean": {
            "value": 499.0,
            "min": 499.0,
            "max": 499.0,
            "count": 49
        },
        "RLAgents.Environment.EpisodeLength.sum": {
            "value": 9980.0,
            "min": 9980.0,
            "max": 9980.0,
            "count": 49
        },
        "RLAgents.Environment.CumulativeReward.mean": {
            "value": -0.9450000263750553,
            "min": -10.530000193417072,
            "max": -0.460000018030405,
            "count": 49
        },
        "RLAgents.Environment.CumulativeReward.sum": {
            "value": -18.900000527501106,
            "min": -210.60000386834145,
            "max": -9.200000360608101,
            "count": 49
        },
        "RLAgents.Policy.ExtrinsicReward.mean": {
            "value": -0.9450000263750553,
            "min": -10.530000193417072,
            "max": -0.460000018030405,
            "count": 49
        },
        "RLAgents.Policy.ExtrinsicReward.sum": {
            "value": -18.900000527501106,
            "min": -210.60000386834145,
            "max": -9.200000360608101,
            "count": 49
        },
        "RLAgents.IsTraining.mean": {
            "value": 1.0,
            "min": 1.0,
            "max": 1.0,
            "count": 49
        },
        "RLAgents.IsTraining.sum": {
            "value": 1.0,
            "min": 1.0,
            "max": 1.0,
            "count": 49
        },
        "RLAgents.Losses.PolicyLoss.mean": {
            "value": 0.08719189465045929,
            "min": 0.05759028861042073,
            "max": 0.1285893755654494,
            "count": 23
        },
        "RLAgents.Losses.PolicyLoss.sum": {
            "value": 0.08719189465045929,
            "min": 0.05759028861042073,
            "max": 0.1285893755654494,
            "count": 23
        },
        "RLAgents.Losses.ValueLoss.mean": {
            "value": 0.013948421832174063,
            "min": 0.013948421832174063,
            "max": 0.11289163579543432,
            "count": 23
        },
        "RLAgents.Losses.ValueLoss.sum": {
            "value": 0.013948421832174063,
            "min": 0.013948421832174063,
            "max": 0.11289163579543432,
            "count": 23
        },
        "RLAgents.Policy.LearningRate.mean": {
            "value": 0.00022686602437799994,
            "min": 0.00022686602437799994,
            "max": 0.0002968080010640001,
            "count": 23
        },
        "RLAgents.Policy.LearningRate.sum": {
            "value": 0.00022686602437799994,
            "min": 0.00022686602437799994,
            "max": 0.0002968080010640001,
            "count": 23
        },
        "RLAgents.Policy.Epsilon.mean": {
            "value": 0.17562199999999997,
            "min": 0.17562199999999997,
            "max": 0.19893599999999995,
            "count": 23
        },
        "RLAgents.Policy.Epsilon.sum": {
            "value": 0.17562199999999997,
            "min": 0.17562199999999997,
            "max": 0.19893599999999995,
            "count": 23
        },
        "RLAgents.Policy.Beta.mean": {
            "value": 0.0037835378000000003,
            "min": 0.0037835378000000003,
            "max": 0.004946906400000002,
            "count": 23
        },
        "RLAgents.Policy.Beta.sum": {
            "value": 0.0037835378000000003,
            "min": 0.0037835378000000003,
            "max": 0.004946906400000002,
            "count": 23
        }
    },
    "metadata": {
        "timer_format_version": "0.1.0",
        "start_time_seconds": "1741835134",
        "python_version": "3.10.12 (main, Jul 26 2023, 12:20:06) [Clang 16.0.3 ]",
        "command_line_arguments": "/Users/dev/Documents/IIB/4M25 Advance Robotics/code/swarm/.venv/bin/mlagents-learn trainer_config.yaml --run-id=ms08",
        "mlagents_version": "1.1.0",
        "mlagents_envs_version": "1.1.0",
        "communication_protocol_version": "1.5.0",
        "pytorch_version": "2.2.2",
        "numpy_version": "1.23.5",
        "end_time_seconds": "1741835944"
    },
    "total": 809.7636350310058,
    "count": 1,
    "self": 0.011957311013247818,
    "children": {
        "run_training.setup": {
            "total": 0.06134841899620369,
            "count": 1,
            "self": 0.06134841899620369
        },
        "TrainerController.start_learning": {
            "total": 809.6903293009964,
            "count": 1,
            "self": 1.277375654608477,
            "children": {
                "TrainerController._reset_env": {
                    "total": 12.011741418013116,
                    "count": 1,
                    "self": 12.011741418013116
                },
                "TrainerController.advance": {
                    "total": 796.1902336183994,
                    "count": 49609,
                    "self": 0.6144507101271302,
                    "children": {
                        "env_step": {
                            "total": 795.5757829082722,
                            "count": 49609,
                            "self": 692.4276274484,
                            "children": {
                                "SubprocessEnvManager._take_step": {
                                    "total": 102.49825672924635,
                                    "count": 49609,
                                    "self": 4.139909502089722,
                                    "children": {
                                        "TorchPolicy.evaluate": {
                                            "total": 98.35834722715663,
                                            "count": 49607,
                                            "self": 98.35834722715663
                                        }
                                    }
                                },
                                "workers": {
                                    "total": 0.6498987306258641,
                                    "count": 49608,
                                    "self": 0.0,
                                    "children": {
                                        "worker_root": {
                                            "total": 788.5096552679606,
                                            "count": 49608,
                                            "is_parallel": true,
                                            "self": 185.51561342549394,
                                            "children": {
                                                "steps_from_proto": {
                                                    "total": 0.00036775998887605965,
                                                    "count": 1,
                                                    "is_parallel": true,