{
    "name": "root",
    "metadata": {
        "timer_format_version": "0.1.0",
        "start_time_seconds": "1741808846",
        "python_version": "3.10.12 (main, Jul 26 2023, 12:20:06) [Clang 16.0.3 ]",
        "command_line_arguments": "/Users/dev/Documents/IIB/4M25 Advance Robotics/code/swarm/.venv/bin/mlagents-learn trainer_config.yaml --run-id=ms02 --resume",
        "mlagents_version": "1.1.0",
        "mlagents_envs_version": "1.1.0",
        "communication_protocol_version": "1.5.0",
        "pytorch_version": "2.2.2",
        "numpy_version": "1.23.5",
        "end_time_seconds": "1741809305"
    },
    "total": 459.25223811699834,
    "count": 1,
    "self": 0.01018188800662756,
    "children": {
        "run_training.setup": {
            "total": 0.0969534939940786,
            "count": 1,
            "self": 0.0969534939940786
        },
        "TrainerController.start_learning": {
            "total": 459.14510273499764,
            "count": 1,
            "self": 1.0981823559559416,
            "children": {
                "TrainerController._reset_env": {
                    "total": 16.421352978999494,
                    "count": 1,
                    "self": 16.421352978999494
                },
                "TrainerController.advance": {
                    "total": 441.38895064403187,
                    "count": 54031,
                    "self": 0.5167919026716845,
                    "children": {
                        "env_step": {
                            "total": 440.8721587413602,
                            "count": 54031,
                            "self": 372.81085844185145,
                            "children": {
                                "SubprocessEnvManager._take_step": {
                                    "total": 67.45079790345335,
                                    "count": 54031,
                                    "self": 2.842950948543148,
                                    "children": {
                                        "TorchPolicy.evaluate": {
                                            "total": 64.6078469549102,
                                            "count": 54031,
                                            "self": 64.6078469549102
                                        }
                                    }
                                },
                                "workers": {
                                    "total": 0.6105023960553808,
                                    "count": 54030,
                                    "self": 0.0,
                                    "children": {
                                        "worker_root": {
                                            "total": 379.02452524933324,
                                            "count": 54030,
                                            "is_parallel": true,
                                            "self": 113.58751448482508,
                                            "children": {
                                                "steps_from_proto": {
                                                    "total": 0.00221893799607642,
                                                    "count": 1,
                                                    "is_parallel": true,
                                                    "self": 0.00016064499504864216,
                                                    "children": {
                                                        "_process_rank_one_or_two_observation": {
                                                            "total": 0.002058293001027778,
                                                            "count": 2,
                                                            "is_parallel": true,
                                                            "self": 0.002058293001027778
                                                        }
                                                    }
                                                },
                                                "UnityEnvironment.step": {
                                                    "total": 265.4347918265121,
                                                    "count": 54030,
                                                    "is_parallel": true,
                                                    "self": 2.7659565854701214,
                                                    "children": {
                                                        "UnityEnvironment._generate_step_input": {
                                                            "total": 6.674018131598132,
                                                            "count": 54030,
                                                            "is_parallel": true,
                                                            "self": 6.674018131598132
                                                        },
                                                        "communicator.exchange": {
                                                            "total": 247.60232649400132,
                                                            "count": 54030,
                                                            "is_parallel": true,
                                                            "self": 247.60232649400132
                                                        },
                                                        "steps_from_proto": {
                                                            "total": 8.392490615442512,
                                                            "count": 54030,
                                                            "is_parallel": true,
                                                            "self": 4.261544518711162,
                                                            "children": {
                                                                "_process_rank_one_or_two_observation": {
                                                                    "total": 4.13094609673135,
                                                                    "count": 108060,
                                                                    "is_parallel": true,
                                                                    "self": 4.13094609673135
                                                                }
                                                            }
                                                        }
                                                    }
                                                }
                                            }
                                        }
                                    }
                                }
                            }
                        }
                    }
                },
                "TrainerController._save_models": {
                    "total": 0.23661675601033494,
                    "count": 1,
                    "self": 0.004501535004237667,
                    "children": {
                        "RLTrainer._checkpoint": {
                            "total": 0.23211522100609727,
                            "count": 1,
                            "self": 0.23211522100609727
                        }
                    }
                }
            }
        }
    }
}