{
    "name": "root",
    "gauges": {
        "RLAgents.Policy.Entropy.mean": {
            "value": 1.3774107694625854,
            "min": 1.3774107694625854,
            "max": 1.4189382791519165,
            "count": 14
        },
        "RLAgents.Policy.Entropy.sum": {
            "value": 13774.107421875,
            "min": 13774.107421875,
            "max": 14254.654296875,
            "count": 14
        },
        "RLAgents.Environment.EpisodeLength.mean": {
            "value": 399.0,
            "min": 38.99601593625498,
            "max": 399.0,
            "count": 14
        },
        "RLAgents.Environment.EpisodeLength.sum": {
            "value": 9975.0,
            "min": 9539.0,
            "max": 9975.0,
            "count": 14
        },
        "RLAgents.Step.mean": {
            "value": 139894.0,
            "min": 9999.0,
            "max": 139894.0,
            "count": 14
        },
        "RLAgents.Step.sum": {
            "value": 139894.0,
            "min": 9999.0,
            "max": 139894.0,
            "count": 14
        },
        "RLAgents.Policy.ExtrinsicValueEstimate.mean": {
            "value": -0.1742495894432068,
            "min": -0.36850792169570923,
            "max": -0.1742495894432068,
            "count": 14
        },
        "RLAgents.Policy.ExtrinsicValueEstimate.sum": {
            "value": -17.424959182739258,
            "min": -52.240440368652344,
            "max": -17.424959182739258,
            "count": 14
        },
        "RLAgents.Environment.CumulativeReward.mean": {
            "value": 0.09853109397925436,
            "min": -2.349879476921633,
            "max": 0.1105248605273664,
            "count": 14
        },
        "RLAgents.Environment.CumulativeReward.sum": {
            "value": 2.463277349481359,
            "min": -253.05530977249146,
            "max": 2.76312151318416,
            "count": 14
        },
        "RLAgents.Policy.ExtrinsicReward.mean": {
            "value": 0.09853109397925436,
            "min": -2.349879476921633,
            "max": 0.1105248605273664,
            "count": 14
        },
        "RLAgents.Policy.ExtrinsicReward.sum": {
            "value": 2.463277349481359,
            "min": -253.05530977249146,
            "max": 2.76312151318416,
            "count": 14
        },
        "RLAgents.IsTraining.mean": {
            "value": 1.0,
            "min": 1.0,
            "max": 1.0,
            "count": 14
        },
        "RLAgents.IsTraining.sum": {
            "value": 1.0,
            "min": 1.0,
            "max": 1.0,
            "count": 14
        },
        "RLAgents.Losses.PolicyLoss.mean": {
            "value": 0.2016945718942831,
            "min": 0.07649839647735159,
            "max": 0.3929318601886431,
            "count": 7
        },
        "RLAgents.Losses.PolicyLoss.sum": {
            "value": 0.2016945718942831,
            "min": 0.07649839647735159,
            "max": 0.3929318601886431,
            "count": 7
        },
        "RLAgents.Losses.ValueLoss.mean": {
            "value": 0.0005353358336530315,
            "min": 0.0005353358336530315,
            "max": 0.04926916236678759,
            "count": 7
        },
        "RLAgents.Losses.ValueLoss.sum": {
            "value": 0.0005353358336530315,
            "min": 0.0005353358336530315,
            "max": 0.04926916236678759,
            "count": 7
        },
        "RLAgents.Policy.LearningRate.mean": {
            "value": 0.00028143510618830003,
            "min": 0.00028143510618830003,
            "max": 0.00029799510066830004,
            "count": 7
        },
        "RLAgents.Policy.LearningRate.sum": {
            "value": 0.00028143510618830003,
            "min": 0.00028143510618830003,
            "max": 0.00029799510066830004,
            "count": 7
        },
        "RLAgents.Policy.Epsilon.mean": {
            "value": 0.19381170000000006,
            "min": 0.19381170000000006,
            "max": 0.19933170000000003,
            "count": 7
        },
        "RLAgents.Policy.Epsilon.sum": {
            "value": 0.19381170000000006,
            "min": 0.19381170000000006,
            "max": 0.19933170000000003,
            "count": 7
        },
        "RLAgents.Policy.Beta.mean": {
            "value": 0.004691203829999999,
            "min": 0.004691203829999999,
            "max": 0.00496665183,
            "count": 7
        },
        "RLAgents.Policy.Beta.sum": {
            "value": 0.004691203829999999,
            "min": 0.004691203829999999,
            "max": 0.00496665183,
            "count": 7
        }
    },
    "metadata": {
        "timer_format_version": "0.1.0",
        "start_time_seconds": "1741803296",
        "python_version": "3.10.12 (main, Jul 26 2023, 12:20:06) [Clang 16.0.3 ]",
        "command_line_arguments": "/Users/dev/Documents/IIB/4M25 Advance Robotics/code/swarm/.venv/bin/mlagents-learn trainer_config.yaml --run-id=ms01 --force",
        "mlagents_version": "1.1.0",
        "mlagents_envs_version": "1.1.0",
        "communication_protocol_version": "1.5.0",
        "pytorch_version": "2.2.2",
        "numpy_version": "1.23.5",
        "end_time_seconds": "1741804710"
    },
    "total": 1413.7966811260121,
    "count": 1,
    "self": 0.010833698019268923,
    "children": {
        "run_training.setup": {
            "total": 0.08678428299026564,
            "count": 1,
            "self": 0.08678428299026564
        },
        "TrainerController.start_learning": {
            "total": 1413.6990631450026,
            "count": 1,
            "self": 2.848095636436483,
            "children": {
                "TrainerController._reset_env": {
                    "total": 25.91323507699417,
                    "count": 1,
                    "self": 25.91323507699417
                },
                "TrainerController.advance": {
                    "total": 1384.711119996573,
                    "count": 143811,
                    "self": 1.3752970088389702,
                    "children": {
                        "env_step": {
                            "total": 1383.335822987734,
                            "count": 143811,
                            "self": 1200.479952061578,
                            "children": {
                                "SubprocessEnvManager._take_step": {
                                    "total": 181.22042637901905,
                                    "count": 143813,
                                    "self": 7.66329318874341,
                                    "children": {
                                        "TorchPolicy.evaluate": {
                                            "total": 173.55713319027564,
                                            "count": 143813,
                                            "self": 173.55713319027564
                                        }
                                    }
                                },
                                "workers": {
                                    "total": 1.6354445471370127,
                                    "count": 143810,
                                    "self": 0.0,
                                    "children": {
                                        "worker_root": {
                                            "total": 1322.1197574275575,
                                            "count": 143810,
                                            "is_parallel": true,
                                            "self": 302.6440485934436,
                                            "children": {
                                                "steps_from_proto": {
                                                    "total": 0.0027000839909305796,
                                                    "count": 3,
                                                    "is_parallel": true,