{"count":1,"self":187.75283199999998,"total":390.346674,"children":{"InitializeActuators":{"count":1,"self":0.0016439999999999998,"total":0.0016439999999999998,"children":null},"InitializeSensors":{"count":1,"self":0.002322,"total":0.002322,"children":null},"AgentSendState":{"count":220401,"self":2.8827409999999998,"total":3.686833,"children":{"CollectObservations":{"count":44081,"self":0.040230999999999996,"total":0.040230999999999996,"children":null},"WriteActionMask":{"count":44081,"self":0.030937,"total":0.030937,"children":null},"RequestDecision":{"count":44081,"self":0.14970899999999998,"total":0.732924,"children":{"AgentInfo.ToProto":{"count":44081,"self":0.156908,"total":0.58321499999999993,"children":{"GenerateSensorData":{"count":44081,"self":0.351346,"total":0.426307,"children":{"RayPerceptionSensor.Perceive":{"count":44081,"self":0.074961,"total":0.074961,"children":null}}}}}}}}},"DecideAction":{"count":220401,"self":198.60113919999998,"total":198.601133,"children":null},"AgentAct":{"count":220401,"self":0.299352,"total":0.300744,"children":{"AgentInfo.ToProto":{"count":110,"self":0.000428,"total":0.001392,"children":{"GenerateSensorData":{"count":110,"self":0.00076899999999999994,"total":0.0009639999999999999,"children":{"RayPerceptionSensor.Perceive":{"count":110,"self":0.000195,"total":0.000195,"children":null}}}}}}}},"gauges":{"RLAgents.CumulativeReward":{"count":110,"max":6.79417372,"min":0.317115575,"runningAverage":1.93543851,"value":2.15742,"weightedAverage":1.18152988}},"metadata":{"timer_format_version":"0.1.0","start_time_seconds":"1741805066","unity_version":"6000.0.36f1","command_line_arguments":"\/Applications\/Unity\/Hub\/Editor\/6000.0.36f1\/Unity.app\/Contents\/MacOS\/Unity -projectpath \/Users\/dev\/Maze gen -useHub -hubIPC -cloudEnvironment production","communication_protocol_version":"1.5.0","com.unity.ml-agents_version":"3.0.0","scene_name":"SampleScene","end_time_seconds":"1741805456"}}